,getHRP,getHRP2,getIVP,risk_parity,GMVPortfolio,GMVLOPortfolio,max_div_port,ewPortfolio
0,0.344572697017391,0.2439630861653821,0.23557564765336036,0.32359894102324316,0.12538030982252724,0.14343294518329652,0.2975889469094637,0.301822992594184
