,getHRP,getHRP2,getIVP,risk_parity,GMVPortfolio,GMVLOPortfolio,max_div_port,ewPortfolio
0,0.3587153087370418,0.33212660105126,0.4092247768546535,0.41293063047483325,0.10495315912335301,0.1482170680842405,0.26217428294945044,0.4996882852554039
